,Hexagon_ID,geometry,H3_centroids
0,891126d3157ffff,"POLYGON ((24.923450031338042 60.1787574935188, 24.926133638627064 60.17806851333714, 24.928589664567628 60.17908057422065, 24.928362096296365 60.18078167851094, 24.925678259772017 60.18147067030821, 24.923222220764693 60.180458546198004, 24.923450031338042 60.1787574935188))",POINT (60.17976959725576 24.925905960292344)
1,891126d3327ffff,"POLYGON ((24.95497225212708 60.17558909073175, 24.95765583235253 60.17489931503148, 24.960113351668927 60.17591092242585, 24.959887304123097 60.17761236877324, 24.95720349478415 60.178302156172414, 24.954745962115016 60.17729048552371, 24.95497225212708 60.17558909073175))",POINT (60.17660074103067 24.957429674588305)
2,891126d307bffff,"POLYGON ((24.9181357523887 60.1604116352804, 24.920817879418816 60.15972250249547, 24.923272294733167 60.16073444729428, 24.923044596031957 60.162435588095306, 24.92036223999964 60.163124732473854, 24.917907811681232 60.162112724456186, 24.9181357523887 60.1604116352804))",POINT (60.16142362290212 24.920590070802053)
3,891126d32a7ffff,"POLYGON ((24.926182027906236 60.158344014772574, 24.92886404934142 60.15765465983295, 24.93131875527781 60.158666476139715, 24.931091452865502 60.16036771061029, 24.92840920247597 60.16105707716432, 24.925954483463567 60.16004519763178, 24.926182027906236 60.158344014772574))",POINT (60.159355873913874 24.92863663698213)
4,891126d335bffff,"POLYGON ((24.94450217604616 60.15691976692228, 24.947184214851454 60.156229955995464, 24.949639818483043 60.157241513108055, 24.949413396562232 60.15894294438782, 24.946731128867636 60.15963276697765, 24.944275511993666 60.15862114662314, 24.94450217604616 60.15691976692228))",POINT (60.15793136689961 24.94695768289095)
5,891126d14b7ffff,"POLYGON ((24.95700787038668 60.16027604944448, 24.959690260963953 60.159585992945736, 24.962146788752758 60.16059741713872, 24.961920939334156 60.16229896108252, 24.959238319854023 60.16298902927925, 24.956781778705857 60.161977541832634, 24.95700787038668 60.16027604944448))",POINT (60.161287516527814 24.959464301414506)
6,891126d333bffff,"POLYGON ((24.950510982887277 60.17016298177679, 24.953194104978174 60.169473229453004, 24.955650989878187 60.17048484123216, 24.955424766005454 60.17218626858298, 24.952741414862704 60.17287603259145, 24.95028451665501 60.17186435756286, 24.950510982887277 60.17016298177679))",POINT (60.171174636446466 24.952967770946927)
7,891126d33a7ffff,"POLYGON ((24.941780749708666 60.177335608057334, 24.944464374471668 60.17664617166746, 24.946921299220385 60.17765797318835, 24.946694612449956 60.17935927434038, 24.944010758516768 60.18004872239447, 24.941553820534708 60.179036857630734, 24.941780749708666 60.177335608057334))",POINT (60.17834745246189 24.944237577544946)
8,891126d14b3ffff,"POLYGON ((24.954777825984117 60.15756307699168, 24.95745998768932 60.15687303218378, 24.959916198505592 60.15788445853599, 24.959690260963953 60.159585992945736, 24.95700787038668 60.16027604944448, 24.954551646233565 60.15926455984107, 24.954777825984117 60.15756307699168))",POINT (60.15857454622721 24.957233940046752)
9,891126d33a3ffff,"POLYGON ((24.939551146102634 60.17462250106527, 24.9422345417263 60.17393307633249, 24.944691149300155 60.174944880014195, 24.944464374471668 60.17664617166746, 24.941780749708666 60.177335608057334, 24.939324128923975 60.17632374113523, 24.939551146102634 60.17462250106527))",POINT (60.17563434762359 24.942007656771462)
10,891126d334bffff,"POLYGON ((24.949639818483043 60.157241513108055, 24.95232191875891 60.156551585247634, 24.954777825984117 60.15756307699168, 24.954551646233565 60.15926455984107, 24.95186931707705 60.159954499378415, 24.949413396562232 60.15894294438782, 24.949639818483043 60.157241513108055))",POINT (60.158253047726106 24.952095628938036)
11,891126d33abffff,"POLYGON ((24.94246140457641 60.17223179418705, 24.945144632675337 60.17154226414302, 24.947601227013557 60.17255400458208, 24.947374606498958 60.17425533830623, 24.944691149300155 60.174944880014195, 24.9422345417263 60.17393307633249, 24.94246140457641 60.17223179418705))",POINT (60.17324357750504 24.944917902033648)
12,891126d3147ffff,"POLYGON ((24.928589664567628 60.17908057422065, 24.931273333579544 60.17839147709185, 24.933729663536447 60.17940347262539, 24.93350233760593 60.181104628517474, 24.930818439367254 60.18179373727582, 24.928362096296365 60.18078167851094, 24.928589664567628 60.17908057422065))",POINT (60.18009261261696 24.93104589755489)
13,891126d3353ffff,"POLYGON ((24.941593305802186 60.15931085227947, 24.944275511993666 60.15862114662314, 24.946731128867636 60.15963276697765, 24.946504552778304 60.16133415622662, 24.943822117658193 60.16202387353916, 24.941366487566548 60.16101218994494, 24.941593305802186 60.15931085227947))",POINT (60.160322515496425 24.94404882586538)
14,891126d306bffff,"POLYGON ((24.923272294733167 60.16073444729428, 24.925954483463567 60.16004519763178, 24.92840920247597 60.16105707716432, 24.928181745819735 60.162758269581296, 24.925499328095636 60.16344753085137, 24.923044596031957 60.162435588095306, 24.923272294733167 60.16073444729428))",POINT (60.161746369659056 24.925726916861084)
15,891126d3337ffff,"POLYGON ((24.949831517989555 60.17526707658208, 24.952515036722286 60.17457741788499, 24.95497225212708 60.17558909073175, 24.954745962115016 60.17729048552371, 24.952062214260163 60.1779801559058, 24.949604985549936 60.17696841980937, 24.949831517989555 60.17526707658208))",POINT (60.176278792324105 24.952288636522532)
16,891126d3323ffff,"POLYGON ((24.952741414862704 60.17287603259145, 24.955424766005454 60.17218626858298, 24.957881968080038 60.173197878177845, 24.95765583235253 60.17489931503148, 24.95497225212708 60.17558909073175, 24.952515036722286 60.17457741788499, 24.952741414862704 60.17287603259145))",POINT (60.173887685083834 24.95519852008948)
17,891126d06d3ffff,"POLYGON ((24.944010758516768 60.18004872239447, 24.946694612449956 60.17935927434038, 24.94915185444078 60.180371073684306, 24.948925255764838 60.182072384326034, 24.946241172630657 60.18276184405148, 24.943783917383936 60.181749981462275, 24.944010758516768 60.18004872239447))",POINT (60.18106056462908 24.94646790358776)
18,891126d3077ffff,"POLYGON ((24.917451863667353 60.1655148702956, 24.920134387008396 60.16482583120772, 24.922589132098533 60.16583783718512, 24.922361366859853 60.16753894546795, 24.919678614446365 60.16822799614981, 24.91722385635452 60.16721592695331, 24.917451863667353 60.1655148702956))",POINT (60.16652691910069 24.91990651182505)
19,891126d336bffff,"POLYGON ((24.959238319854023 60.16298902927925, 24.961920939334156 60.16229896108252, 24.964377784162696 60.1633103831001, 24.964152022903498 60.16501193656888, 24.96146917448985 60.16570201647073, 24.95901231627937 60.16469053119709, 24.959238319854023 60.16298902927925))",POINT (60.16400049419419 24.961695067914203)
20,891126d3153ffff,"POLYGON ((24.92122220781725 60.17604432414243, 24.923905585901807 60.17535535556924, 24.926361294779344 60.17636741855525, 24.926133638627064 60.17806851333714, 24.923450031338042 60.1787574935188, 24.920994309416223 60.17774536730858, 24.92122220781725 60.17604432414243))",POINT (60.17705642997488 24.923677819715948)
21,891126d300fffff,"POLYGON ((24.912314960794127 60.165191721271704, 24.914997422369662 60.16450279906126, 24.917451863667353 60.1655148702956, 24.91722385635452 60.16721592695331, 24.91454116569801 60.16790486074375, 24.91208671144584 60.16689272629494, 24.912314960794127 60.165191721271704))",POINT (60.16620383532443 24.91476930514281)
22,891126d3227ffff,"POLYGON ((24.93936489871707 60.15659783847163, 24.94204687601068 60.15590814446437, 24.94450217604616 60.15691976692228, 24.944275511993666 60.15862114662314, 24.941593305802186 60.15931085227947, 24.939137992571556 60.15829916658429, 24.93936489871707 60.15659783847163))",POINT (60.157609503784975 24.941820101949148)
23,891126d33cfffff,"POLYGON ((24.9386841139821 60.16170179032398, 24.941366487566548 60.16101218994494, 24.943822117658193 60.16202387353916, 24.943595387368774 60.16372522074834, 24.940912784816327 60.164414832776764, 24.93845714153179 60.16340308594504, 24.9386841139821 60.16170179032398))",POINT (60.162713516778346 24.94113964723899)
24,891126d332fffff,"POLYGON ((24.957881968080038 60.173197878177845, 24.96056538068288 60.17250799716622, 24.963022886621793 60.17351954130407, 24.962796993345812 60.175221029708474, 24.960113351668927 60.17591092242585, 24.95765583235253 60.17489931503148, 24.957881968080038 60.173197878177845))",POINT (60.17420946522252 24.960339377187772)
25,891126d317bffff,"POLYGON ((24.933729663536447 60.17940347262539, 24.93641339422998 60.17871425853546, 24.938870028200736 60.17972618869575, 24.938642944649683 60.18142739618034, 24.935958984737944 60.18211662191372, 24.93350233760593 60.181104628517474, 24.933729663536447 60.17940347262539))",POINT (60.18041544565773 24.9361862005541)
26,891126d3387ffff,"POLYGON ((24.9321828561131 60.17158682638875, 24.934865961003315 60.17089753025326, 24.93732194759502 60.17190940144349, 24.937094842448097 60.17361063200101, 24.93441150844076 60.17429993977256, 24.93195550870799 60.173288005349, 24.9321828561131 60.17158682638875))",POINT (60.17259874043934 24.934638745790597)
27,891126d3303ffff,"POLYGON ((24.9431418605306 60.1671278826542, 24.945824692081892 60.16643825896927, 24.948280956097147 60.167449938313055, 24.948054401809426 60.16915130458251, 24.945371341228466 60.16984093993104, 24.94291506397535 60.16882919734489, 24.9431418605306 60.1671278826542))",POINT (60.16813960487213 24.94559802769621)
28,891126d338fffff,"POLYGON ((24.93509315408211 60.16919630921732, 24.937776091519627 60.16850690777742, 24.940232064945473 60.16951871573215, 24.940005114110186 60.17121998836071, 24.93732194759502 60.17190940144349, 24.934865961003315 60.17089753025326, 24.93509315408211 60.16919630921732))",POINT (60.170208160034655 24.9375490306178)
29,891126d3313ffff,"POLYGON ((24.93800313030377 60.16680564467473, 24.940685900295378 60.166116137937166, 24.9431418605306 60.1671278826542, 24.94291506397535 60.16882919734489, 24.940232064945473 60.16951871573215, 24.937776091519627 60.16850690777742, 24.93800313030377 60.16680564467473))",POINT (60.16781743225663 24.94045899367283)
30,891126d33dbffff,"POLYGON ((24.93131875527781 60.158666476139715, 24.934000838339582 60.157977004308506, 24.936455847924368 60.1589887553211, 24.936228787581033 60.16069004139373, 24.93354647557348 60.16137952485333, 24.931091452865502 60.16036771061029, 24.93131875527781 60.158666476139715))",POINT (60.15967826999614 24.933773668018645)
31,891126d314bffff,"POLYGON ((24.929272236358255 60.173977196173325, 24.93195550870799 60.173288005349, 24.93441150844076 60.17429993977256, 24.93418424895064 60.17600112824995, 24.93150074744444 60.176690330703515, 24.929044734595344 60.175678333048886, 24.929272236358255 60.173977196173325))",POINT (60.17498917345491 24.931728139152845)
32,891126d159bffff,"POLYGON ((24.963700434397605 60.16841501099364, 24.966383511775728 60.16772491937959, 24.96884099088539 60.168736336997746, 24.968615406054404 60.17043790948933, 24.965932099681122 60.171128012822756, 24.96347460714447 60.17011653194366, 24.963700434397605 60.16841501099364))",POINT (60.1694264715232 24.966157816724134)
33,891126d33cbffff,"POLYGON ((24.936455847924368 60.1589887553211, 24.939137992571556 60.15829916658429, 24.941593305802186 60.15931085227947, 24.941366487566548 60.16101218994494, 24.9386841139821 60.16170179032398, 24.936228787581033 60.16069004139373, 24.936455847924368 60.1589887553211))",POINT (60.160000483869396 24.938911064327637)
34,891126d303bffff,"POLYGON ((24.91454116569801 60.16790486074375, 24.91722385635452 60.16721592695331, 24.919678614446365 60.16822799614981, 24.91945069486915 60.1699290623521, 24.91676777510082 60.170618007729715, 24.914313004032056 60.16960587531629, 24.91454116569801 60.16790486074375))",POINT (60.168916972765665 24.916995826833414)
35,891126d337bffff,"POLYGON ((24.954099220637875 60.16266749305402, 24.956781778705857 60.161977541832634, 24.959238319854023 60.16298902927925, 24.95901231627937 60.16469053119709, 24.956329529269127 60.16538049410964, 24.95387297478632 60.16436894341157, 24.954099220637875 60.16266749305402))",POINT (60.16367902338867 24.956555665001083)
36,891126d3333ffff,"POLYGON ((24.947601227013557 60.17255400458208, 24.95028451665501 60.17186435756286, 24.952741414862704 60.17287603259145, 24.952515036722286 60.17457741788499, 24.949831517989555 60.17526707658208, 24.947374606498958 60.17425533830623, 24.947601227013557 60.17255400458208))",POINT (60.173565722498935 24.95005802835684)
37,891126d336fffff,"POLYGON ((24.96146917448985 60.16570201647073, 24.964152022903498 60.16501193656888, 24.96660918483901 60.16602335639487, 24.966383511775728 60.16772491937959, 24.963700434397605 60.16841501099364, 24.961243259057664 60.16740352790919, 24.96146917448985 60.16570201647073))",POINT (60.16671347920107 24.963926239649567)
38,891126d302bffff,"POLYGON ((24.919678614446365 60.16822799614981, 24.922361366859853 60.16753894546795, 24.924816428788926 60.16855094938892, 24.924588751339126 60.17025206721173, 24.921905769822317 60.170941129494636, 24.91945069486915 60.1699290623521, 24.919678614446365 60.16822799614981))",POINT (60.169240042905464 24.92213357943554)
39,891126d33afffff,"POLYGON ((24.944691149300155 60.174944880014195, 24.947374606498958 60.17425533830623, 24.949831517989555 60.17526707658208, 24.949604985549936 60.17696841980937, 24.946921299220385 60.17765797318835, 24.944464374471668 60.17664617166746, 24.944691149300155 60.174944880014195))",POINT (60.17595666117598 24.94714796390231)
40,891126d33c7ffff,"POLYGON ((24.935774600547635 60.16409258104006, 24.93845714153179 60.16340308594504, 24.940912784816327 60.164414832776764, 24.940685900295378 60.166116137937166, 24.93800313030377 60.16680564467473, 24.935547473851074 60.165793834607726, 24.935774600547635 60.16409258104006))",POINT (60.165104370729615 24.93823014697343)
41,891126d33bbffff,"POLYGON ((24.93732194759502 60.17190940144349, 24.940005114110186 60.17121998836071, 24.94246140457641 60.17223179418705, 24.9422345417263 60.17393307633249, 24.939551146102634 60.17462250106527, 24.937094842448097 60.17361063200101, 24.93732194759502 60.17190940144349))",POINT (60.172921250139424 24.93977814116363)
42,891126d3317ffff,"POLYGON ((24.940232064945473 60.16951871573215, 24.94291506397535 60.16882919734489, 24.945371341228466 60.16984093993104, 24.945144632675337 60.17154226414302, 24.94246140457641 60.17223179418705, 24.940005114110186 60.17121998836071, 24.940232064945473 60.16951871573215))",POINT (60.170530501190186 24.942688245325023)
43,891126d3343ffff,"POLYGON ((24.946731128867636 60.15963276697765, 24.949413396562232 60.15894294438782, 24.95186931707705 60.159954499378415, 24.95164298317268 60.1616559402016, 24.948960486558022 60.16234577446158, 24.946504552778304 60.16133415622662, 24.946731128867636 60.15963276697765))",POINT (60.16064436483997 24.949186952588285)
44,891126d06cbffff,"POLYGON ((24.952062214260163 60.1779801559058, 24.954745962115016 60.17729048552371, 24.95720349478415 60.178302156172414, 24.95697729293687 60.18000356045377, 24.95429331592902 60.18069324252798, 24.951835769931915 60.17968150862715, 24.952062214260163 60.1779801559058))",POINT (60.17899186945679 24.954519650050084)
45,891126d330bffff,"POLYGON ((24.946051334388663 60.16473690222543, 24.948733998468207 60.16404717324959, 24.951190249220833 60.165058789348784, 24.95096384916696 60.166760197666775, 24.948280956097147 60.167449938313055, 24.945824692081892 60.16643825896927, 24.946051334388663 60.16473690222543))",POINT (60.16574856120106 24.948507488315688)
46,891126d3307ffff,"POLYGON ((24.945371341228466 60.16984093993104, 24.948054401809426 60.16915130458251, 24.950510982887277 60.17016298177679, 24.95028451665501 60.17186435756286, 24.947601227013557 60.17255400458208, 24.945144632675337 60.17154226414302, 24.945371341228466 60.16984093993104))",POINT (60.17085266000653 24.947827825449295)
47,891126d332bffff,"POLYGON ((24.955650989878187 60.17048484123216, 24.958334173437773 60.16979497191914, 24.96079136215742 60.1708065182599, 24.96056538068288 60.17250799716622, 24.957881968080038 60.173197878177845, 24.955424766005454 60.17218626858298, 24.955650989878187 60.17048484123216))",POINT (60.17149643047274 24.958108081774082)
48,891126d33b7ffff,"POLYGON ((24.93664056576877 60.17701306054995, 24.939324128923975 60.17632374113523, 24.941780749708666 60.177335608057334, 24.941553820534708 60.179036857630734, 24.938870028200736 60.17972618869575, 24.93641339422998 60.17871425853546, 24.93664056576877 60.17701306054995))",POINT (60.17802497034641 24.939097089624436)
49,891126d1487ffff,"POLYGON ((24.952548186542767 60.15485011194606, 24.955230119406668 60.15416007882189, 24.95768601331752 60.155171507317164, 24.95745998768932 60.15687303218378, 24.954777825984117 60.15756307699168, 24.95232191875891 60.156551585247634, 24.952548186542767 60.15485011194606))",POINT (60.155861583317616 24.95500398370742)
50,891126d338bffff,"POLYGON ((24.932864765460398 60.166483224411905, 24.935547473851074 60.165793834607726, 24.93800313030377 60.16680564467473, 24.937776091519627 60.16850690777742, 24.93509315408211 60.16919630921732, 24.932637484486047 60.16818443591725, 24.932864765460398 60.166483224411905))",POINT (60.16749507733448 24.935320325030318)
51,891126d3377ffff,"POLYGON ((24.953420416959673 60.16777181161406, 24.956103371506817 60.1670819539925, 24.95856024307442 60.168093502519994, 24.958334173437773 60.16979497191914, 24.955650989878187 60.17048484123216, 24.953194104978174 60.169473229453004, 24.953420416959673 60.16777181161406))",POINT (60.16878340303436 24.955877191710904)
52,891126d3373ffff,"POLYGON ((24.951190249220833 60.165058789348784, 24.95387297478632 60.16436894341157, 24.956329529269127 60.16538049410964, 24.956103371506817 60.1670819539925, 24.953420416959673 60.16777181161406, 24.95096384916696 60.166760197666775, 24.951190249220833 60.165058789348784))",POINT (60.166070382932595 24.953646706894652)
53,891126d06c3ffff,"POLYGON ((24.94915185444078 60.180371073684306, 24.951835769931915 60.17968150862715, 24.95429331592902 60.18069324252798, 24.9540669597487 60.18239460473433, 24.951382815065127 60.18308418147678, 24.948925255764838 60.182072384326034, 24.94915185444078 60.180371073684306))",POINT (60.18138285048515 24.95160930353464)
54,891126d32afffff,"POLYGON ((24.929091439557144 60.15595343492449, 24.93177329370391 60.1552639747145, 24.934227986539533 60.156275727793286, 24.934000838339582 60.157977004308506, 24.93131875527781 60.158666476139715, 24.92886404934142 60.15765465983295, 24.929091439557144 60.15595343492449))",POINT (60.156965230840136 24.93154603555619)
55,891126d334fffff,"POLYGON ((24.95186931707705 60.159954499378415, 24.954551646233565 60.15926455984107, 24.95700787038668 60.16027604944448, 24.956781778705857 60.161977541832634, 24.954099220637875 60.16266749305402, 24.95164298317268 60.1616559402016, 24.95186931707705 60.159954499378415))",POINT (60.16096603186285 24.95432544445257)
56,891126d3027ffff,"POLYGON ((24.91899478910604 60.173331162204356, 24.921677938017034 60.17264220523251, 24.924133329898808 60.17365427030484, 24.923905585901807 60.17535535556924, 24.92122220781725 60.17604432414243, 24.918766802913705 60.17503219584831, 24.91899478910604 60.173331162204356))",POINT (60.17434327011608 24.921450084016424)
57,891126d3143ffff,"POLYGON ((24.926361294779344 60.17636741855525, 24.929044734595344 60.175678333048886, 24.93150074744444 60.176690330703515, 24.931273333579544 60.17839147709185, 24.928589664567628 60.17908057422065, 24.926133638627064 60.17806851333714, 24.926361294779344 60.17636741855525))",POINT (60.17737945906562 24.92881721066624)
58,891126d3063ffff,"POLYGON ((24.92036223999964 60.163124732473854, 24.923044596031957 60.162435588095306, 24.925499328095636 60.16344753085137, 24.92527171716391 60.16514868120576, 24.922589132098533 60.16583783718512, 24.920134387008396 60.16482583120772, 24.92036223999964 60.163124732473854))",POINT (60.1641367180599 24.922816875154833)
59,891126d3363ffff,"POLYGON ((24.956329529269127 60.16538049410964, 24.95901231627937 60.16469053119709, 24.96146917448985 60.16570201647073, 24.961243259057664 60.16740352790919, 24.95856024307442 60.168093502519994, 24.956103371506817 60.1670819539925, 24.956329529269127 60.16538049410964))",POINT (60.166392022278345 24.95878629068723)
60,891126d33d3ffff,"POLYGON ((24.92840920247597 60.16105707716432, 24.931091452865502 60.16036771061029, 24.93354647557348 60.16137952485333, 24.933319261000886 60.16308076887696, 24.93063678162617 60.16377014705252, 24.928181745819735 60.162758269581296, 24.92840920247597 60.16105707716432))",POINT (60.16206893424887 24.930864128316045)
61,891126d3233ffff,"POLYGON ((24.932000529724128 60.15356270776584, 24.93468221658927 60.15287314229223, 24.937136896299368 60.15388483214084, 24.93690990228031 60.155586150691654, 24.934227986539533 60.156275727793286, 24.93177329370391 60.1552639747145, 24.932000529724128 60.15356270776584))",POINT (60.15457444045356 24.93445511262167)
62,891126d306fffff,"POLYGON ((24.925499328095636 60.16344753085137, 24.928181745819735 60.162758269581296, 24.93063678162617 60.16377014705252, 24.930409412792713 60.1654713490182, 24.92772676604408 60.16616062190297, 24.92527171716391 60.16514868120576, 24.925499328095636 60.16344753085137))",POINT (60.16445945116183 24.92795426701015)
63,891126d3367ffff,"POLYGON ((24.95856024307442 60.168093502519994, 24.961243259057664 60.16740352790919, 24.963700434397605 60.16841501099364, 24.96347460714447 60.17011653194366, 24.96079136215742 60.1708065182599, 24.958334173437773 60.16979497191914, 24.95856024307442 60.168093502519994))",POINT (60.16910502850654 24.961017321614605)
64,891126d339bffff,"POLYGON ((24.92772676604408 60.16616062190297, 24.930409412792713 60.1654713490182, 24.932864765460398 60.166483224411905, 24.932637484486047 60.16818443591725, 24.929954608682035 60.16887372042383, 24.927499242918266 60.167861781801705, 24.92772676604408 60.16616062190297))",POINT (60.167172540142964 24.930182021812417)
65,891126d3023ffff,"POLYGON ((24.91676777510082 60.170618007729715, 24.91945069486915 60.1699290623521, 24.921905769822317 60.170941129494636, 24.921677938017034 60.17264220523251, 24.91899478910604 60.173331162204356, 24.916539701153475 60.172319031842484, 24.91676777510082 60.170618007729715))",POINT (60.17163011770462 24.919222753090114)
66,891126d3223ffff,"POLYGON ((24.937136896299368 60.15388483214084, 24.9398186447259 60.153195149775534, 24.94227362798998 60.154206774320684, 24.94204687601068 60.15590814446437, 24.93936489871707 60.15659783847163, 24.93690990228031 60.155586150691654, 24.937136896299368 60.15388483214084))",POINT (60.1548964995344 24.939591782767437)
67,891126d3383ffff,"POLYGON ((24.929954608682035 60.16887372042383, 24.932637484486047 60.16818443591725, 24.93509315408211 60.16919630921732, 24.934865961003315 60.17089753025326, 24.9321828561131 60.17158682638875, 24.929727173398394 60.17057488985783, 24.929954608682035 60.16887372042383))",POINT (60.169885636577206 24.93241018137133)
68,891126d322fffff,"POLYGON ((24.94227362798998 60.154206774320684, 24.94495543793679 60.15351697504972, 24.94741072475232 60.15452853426817, 24.947184214851454 60.156229955995464, 24.94450217604616 60.15691976692228, 24.94204687601068 60.15590814446437, 24.94227362798998 60.154206774320684))",POINT (60.15521837639684 24.94472881802612)
69,891126d33b3ffff,"POLYGON ((24.93441150844076 60.17429993977256, 24.937094842448097 60.17361063200101, 24.939551146102634 60.17462250106527, 24.939324128923975 60.17632374113523, 24.93664056576877 60.17701306054995, 24.93418424895064 60.17600112824995, 24.93441150844076 60.17429993977256))",POINT (60.175311851704144 24.936867715173737)
70,891126d32abffff,"POLYGON ((24.92686452830793 60.153240401232885, 24.92954615357056 60.15255095263697, 24.932000529724128 60.15356270776584, 24.93177329370391 60.1552639747145, 24.929091439557144 60.15595343492449, 24.926637050325198 60.15494161657013, 24.92686452830793 60.153240401232885))",POINT (60.15425219919152 24.92931880763242)
71,891126d1593ffff,"POLYGON ((24.96079136215742 60.1708065182599, 24.96347460714447 60.17011653194366, 24.965932099681122 60.171128012822756, 24.965706360643455 60.172829543275256, 24.963022886621793 60.17351954130407, 24.96056538068288 60.17250799716622, 24.96079136215742 60.1708065182599))",POINT (60.171818042048116 24.963248757886944)
72,891126d3067ffff,"POLYGON ((24.922589132098533 60.16583783718512, 24.92527171716391 60.16514868120576, 24.92772676604408 60.16616062190297, 24.927499242918266 60.167861781801705, 24.924816428788926 60.16855094938892, 24.922361366859853 60.16753894546795, 24.922589132098533 60.16583783718512))",POINT (60.16684982071928 24.925044084062765)
73,891126d06dbffff,"POLYGON ((24.946921299220385 60.17765797318835, 24.949604985549936 60.17696841980937, 24.952062214260163 60.1779801559058, 24.951835769931915 60.17968150862715, 24.94915185444078 60.180371073684306, 24.946694612449956 60.17935927434038, 24.946921299220385 60.17765797318835))",POINT (60.178669752177775 24.949378431034752)
74,891126d330fffff,"POLYGON ((24.948280956097147 60.167449938313055, 24.95096384916696 60.166760197666775, 24.953420416959673 60.16777181161406, 24.953194104978174 60.169473229453004, 24.950510982887277 60.17016298177679, 24.948054401809426 60.16915130458251, 24.948280956097147 60.167449938313055))",POINT (60.16846159514381 24.95073742705685)
75,891126d302fffff,"POLYGON ((24.921905769822317 60.170941129494636, 24.924588751339126 60.17025206721173, 24.927044130174306 60.171264069060065, 24.926816540549748 60.172965196413756, 24.924133329898808 60.17365427030484, 24.921677938017034 60.17264220523251, 24.921905769822317 60.170941129494636))",POINT (60.17195317418468 24.92436105171015)
76,891126d33d7ffff,"POLYGON ((24.93063678162617 60.16377014705252, 24.933319261000886 60.16308076887696, 24.935774600547635 60.16409258104006, 24.935547473851074 60.165793834607726, 24.932864765460398 60.166483224411905, 24.930409412792713 60.1654713490182, 24.93063678162617 60.16377014705252))",POINT (60.16478200206416 24.933092024297583)
77,891126d33c3ffff,"POLYGON ((24.93354647557348 60.16137952485333, 24.936228787581033 60.16069004139373, 24.9386841139821 60.16170179032398, 24.93845714153179 60.16340308594504, 24.935774600547635 60.16409258104006, 24.933319261000886 60.16308076887696, 24.93354647557348 60.16137952485333))",POINT (60.1623913166344 24.9360017051232)
78,891126d32a3ffff,"POLYGON ((24.923955257813514 60.15563095990245, 24.926637050325198 60.15494161657013, 24.929091439557144 60.15595343492449, 24.92886404934142 60.15765465983295, 24.926182027906236 60.158344014772574, 24.92372762562071 60.15733213319487, 24.923955257813514 60.15563095990245))",POINT (60.156642821084354 24.926409550192382)
79,891126d314fffff,"POLYGON ((24.93150074744444 60.176690330703515, 24.93418424895064 60.17600112824995, 24.93664056576877 60.17701306054995, 24.93641339422998 60.17871425853546, 24.933729663536447 60.17940347262539, 24.931273333579544 60.17839147709185, 24.93150074744444 60.176690330703515))",POINT (60.17770230586854 24.93395696731693)
80,891126d3393ffff,"POLYGON ((24.924816428788926 60.16855094938892, 24.927499242918266 60.167861781801705, 24.929954608682035 60.16887372042383, 24.929727173398394 60.17057488985783, 24.927044130174306 60.171264069060065, 24.924588751339126 60.17025206721173, 24.924816428788926 60.16855094938892))",POINT (60.169562930855044 24.92727169762939)
81,891126d316bffff,"POLYGON ((24.938870028200736 60.17972618869575, 24.941553820534708 60.179036857630734, 24.944010758516768 60.18004872239447, 24.943783917383936 60.181749981462275, 24.94109989584032 60.1824393241847, 24.938642944649683 60.18142739618034, 24.938870028200736 60.17972618869575))",POINT (60.180738096340875 24.941326869246314)
82,891126d3397ffff,"POLYGON ((24.927044130174306 60.171264069060065, 24.929727173398394 60.17057488985783, 24.9321828561131 60.17158682638875, 24.93195550870799 60.173288005349, 24.929272236358255 60.173977196173325, 24.926816540549748 60.172965196413756, 24.927044130174306 60.171264069060065))",POINT (60.17227604844197 24.92949971595821)
83,891126d331bffff,"POLYGON ((24.940912784816327 60.164414832776764, 24.943595387368774 60.16372522074834, 24.946051334388663 60.16473690222543, 24.945824692081892 60.16643825896927, 24.9431418605306 60.1671278826542, 24.940685900295378 60.166116137937166, 24.940912784816327 60.164414832776764))",POINT (60.165426557121 24.94336863499402)
84,891126d3073ffff,"POLYGON ((24.915225517381778 60.16280175195724, 24.917907811681232 60.162112724456186, 24.92036223999964 60.163124732473854, 24.920134387008396 60.16482583120772, 24.917451863667353 60.1655148702956, 24.914997422369662 60.16450279906126, 24.915225517381778 60.16280175195724))",POINT (60.1638138027956 24.917679848775162)
85,891126d32b7ffff,"POLYGON ((24.921045665853175 60.15802137125687, 24.92372762562071 60.15733213319487, 24.926182027906236 60.158344014772574, 24.925954483463567 60.16004519763178, 24.923272294733167 60.16073444729428, 24.920817879418816 60.15972250249547, 24.921045665853175 60.15802137125687))",POINT (60.1590332956598 24.92349997126169)
86,891126d3357ffff,"POLYGON ((24.943822117658193 60.16202387353916, 24.946504552778304 60.16133415622662, 24.948960486558022 60.16234577446158, 24.948733998468207 60.16404717324959, 24.946051334388663 60.16473690222543, 24.943595387368774 60.16372522074834, 24.943822117658193 60.16202387353916))",POINT (60.163035534643534 24.946277954619735)
87,891126d1497ffff,"POLYGON ((24.94741072475232 60.15452853426817, 24.95009259617824 60.153838618077586, 24.952548186542767 60.15485011194606, 24.95232191875891 60.156551585247634, 24.949639818483043 60.157241513108055, 24.947184214851454 60.156229955995464, 24.94741072475232 60.15452853426817))",POINT (60.15554007100364 24.94986621835399)
88,891126d3237ffff,"POLYGON ((24.934227986539533 60.156275727793286, 24.93690990228031 60.155586150691654, 24.93936489871707 60.15659783847163, 24.939137992571556 60.15829916658429, 24.936455847924368 60.1589887553211, 24.934000838339582 60.157977004308506, 24.934227986539533 60.156275727793286))",POINT (60.15728745841941 24.936682886156355)
89,891126d3347ffff,"POLYGON ((24.948960486558022 60.16234577446158, 24.95164298317268 60.1616559402016, 24.954099220637875 60.16266749305402, 24.95387297478632 60.16436894341157, 24.951190249220833 60.165058789348784, 24.948733998468207 60.16404717324959, 24.948960486558022 60.16234577446158))",POINT (60.16335737019274 24.951416627221658)
90,891126d315bffff,"POLYGON ((24.924133329898808 60.17365427030484, 24.926816540549748 60.172965196413756, 24.929272236358255 60.173977196173325, 24.929044734595344 60.175678333048886, 24.926361294779344 60.17636741855525, 24.923905585901807 60.17535535556924, 24.924133329898808 60.17365427030484))",POINT (60.174666312913146 24.926588928752523)
